address,source,scraped_at
0x5b5d51203a0f9079f8aeb098a6523a13f298c060,coinmarketman_manual,2025-11-16T22:46:15.706534
0xecb63caa47c7c4e77f60f1ce858cf28dc2b82b00,coinmarketman_manual,2025-11-16T22:46:15.706534
0xb83de012dba672c76a7dbbbf3e459cb59d7d6e36,coinmarketman_manual,2025-11-16T22:46:15.706534
0x7fdafde5cfb5465924316eced2d3715494c517d1,coinmarketman_manual,2025-11-16T22:46:15.706534
0x20c2d95a3dfdca9e9ad12794d5fa6fad99da44f5,coinmarketman_manual,2025-11-16T22:46:15.706534
0x880ac484a1743862989a441d6d867238c7aa311c,coinmarketman_manual,2025-11-16T22:46:15.706534
0xa312114b5795dff9b8db50474dd57701aa78ad1e,coinmarketman_manual,2025-11-16T22:46:15.706534
0x8af700ba841f30e0a3fcb0ee4c4a9d223e1efa05,coinmarketman_manual,2025-11-16T22:46:15.706534
0x45d26f28196d226497130c4bac709d808fed4029,coinmarketman_manual,2025-11-16T22:46:15.706534
0x5d2f4460ac3514ada79f5d9838916e508ab39bb7,coinmarketman_manual,2025-11-16T22:46:15.706534
0x023a3d058020fb76cca98f01b3c48c8938a22355,coinmarketman_manual,2025-11-16T22:46:15.706534
0x9eec98d048d06d9cd75318fffa3f3960e081daab,coinmarketman_manual,2025-11-16T22:46:15.706534
0x8e096995c3e4a3f0bc5b3ea1cba94de2aa4d70c9,coinmarketman_manual,2025-11-16T22:46:15.706534
0x56498e5f90c14060499b62b6f459b3e3fb9280c5,coinmarketman_manual,2025-11-16T22:46:15.706534
0xcac19662ec88d23fa1c81ac0e8570b0cf2ff26b3,coinmarketman_manual,2025-11-16T22:46:15.706534
0xbadbb1de95b5f333623ebece7026932fa5039ee6,coinmarketman_manual,2025-11-16T22:46:15.706534
0x939f95036d2e7b6d7419ec072bf9d967352204d2,coinmarketman_manual,2025-11-16T22:46:15.706534
0xa87a233e8a7d8951ff790a2e39738086cb5f71b7,coinmarketman_manual,2025-11-16T22:46:15.706534
0x856c35038594767646266bc7fd68dc26480e910d,coinmarketman_manual,2025-11-16T22:46:15.706534
0x35d1151ef1aab579cbb3109e69fa82f94ff5acb1,coinmarketman_manual,2025-11-16T22:46:15.706534
0x123dbca6a27005a3c4ce10cb66ee8ece8fc13bff,coinmarketman_manual,2025-11-16T22:46:15.706534
0x418aa6bf98a2b2bc93779f810330d88cde488888,coinmarketman_manual,2025-11-16T22:46:15.706534
0xd5ff5491f6f3c80438e02c281726757baf4d1070,coinmarketman_manual,2025-11-16T22:46:15.706534
0x8607a7d180de23645db594d90621d837749408d5,coinmarketman_manual,2025-11-16T22:46:15.706534
0xd47587702a91731dc1089b5db0932cf820151a91,coinmarketman_manual,2025-11-16T22:46:15.706534
0x9263c1bd29aa87a118242f3fbba4517037f8cc7a,coinmarketman_manual,2025-11-16T22:46:15.706534
0x1c020f03305acd09994c1910d440646e4a5f91b0,coinmarketman_manual,2025-11-16T22:46:15.706534
0x162cc7c861ebd0c06b3d72319201150482518185,coinmarketman_manual,2025-11-16T22:46:15.706534
0xd4c1f7e8d876c4749228d515473d36f919583d1d,coinmarketman_manual,2025-11-16T22:46:15.706534
0xe86b057f5eb764c9738d6b0d38170befd0723664,coinmarketman_manual,2025-11-16T22:46:15.706534
0x15271757b398cd1d3d7cca05c4f7b0c159afa7c2,coinmarketman_manual,2025-11-16T22:46:15.706534
0x091159a8106b077c13e89bc09701117e8b5f129a,coinmarketman_manual,2025-11-16T22:46:15.706534
0x7fe8cfe481ec2f702692a9152e3f002f3e417ac6,coinmarketman_manual,2025-11-16T22:46:15.706534
0x15b325660a1c4a9582a7d834c31119c0cb9e3a42,coinmarketman_manual,2025-11-16T22:46:15.706534
0x6859da14835424957a1e6b397d8026b1d9ff7e1e,coinmarketman_manual,2025-11-16T22:46:15.706534
0xbfc79c444c41a74516bf31237ebf586a231480b4,coinmarketman_manual,2025-11-16T22:46:15.706534
0x9e8b1e51c642f4c8b87c6ba11c53d516a218afc4,coinmarketman_manual,2025-11-16T22:46:15.706534
0x7717a7a245d9f950e586822b8c9b46863ed7bd7e,coinmarketman_manual,2025-11-16T22:46:15.706534
0x8cc94dc843e1ea7a19805e0cca43001123512b6a,coinmarketman_manual,2025-11-16T22:46:15.706534
0x2ba553d9f990a3b66b03b2dc0d030dfc1c061036,coinmarketman_manual,2025-11-16T22:46:15.706534
0xace0a4c087f7f199328fb1e38d8d27bd237b03fd,coinmarketman_manual,2025-11-16T22:46:15.706534
0xb3e475368ed0fa0ad23c04de0423d48a0758806f,coinmarketman_manual,2025-11-16T22:46:15.706534
0x9458f423df6569f053358ee9906613cd69c1ec04,coinmarketman_manual,2025-11-16T22:46:15.706534
0x007d76eec0ba411ce873a8819df50dd443d967a0,coinmarketman_manual,2025-11-16T22:46:15.706534
0x06cecfbac34101ae41c88ebc2450f8602b3d164b,coinmarketman_manual,2025-11-16T22:46:15.706534
0x9cbf099ff424979439dfba03f00b5961784c06ce,coinmarketman_manual,2025-11-16T22:46:15.706534
0xefd3ab65915e35105caa462442c9ecc1346728df,coinmarketman_manual,2025-11-16T22:46:15.706534
0xffbd3e51ae0e2c4407434e157965c064f2a11628,coinmarketman_manual,2025-11-16T22:46:15.706534
0x8def9f50456c6c4e37fa5d3d57f108ed23992dae,coinmarketman_manual,2025-11-16T22:46:15.706534
0x41206f8efb51e5039e5b46e04e7866a4849f72d2,coinmarketman_manual,2025-11-16T22:46:15.706534
0x178d296356af8622c4405d77feccb137ecf5db1c,coinmarketman_manual,2025-11-16T22:46:15.706534
0x360537542135943e8fc1562199aea6d0017f104b,coinmarketman_manual,2025-11-16T22:46:15.706534
0x84abc08c0ea62e687c370154de1f38ea462f4d37,coinmarketman_manual,2025-11-16T22:46:15.706534
0xbf732ea04197942783e34730ed6e0f6099575d58,coinmarketman_manual,2025-11-16T22:46:15.706534
0x7a6d5fc57f6906f337c48fe2763c3a501304f79c,coinmarketman_manual,2025-11-16T22:46:15.706534
0x29eb62882a8bd104a64400a2971d0d6881777043,coinmarketman_manual,2025-11-16T22:46:15.706534
0x31dea2516beee92135b96f464eeec3cf292a13f2,coinmarketman_manual,2025-11-16T22:46:15.706534
0x5c9b5f1f13aa845d46a16a4036f1ba7eff7de431,coinmarketman_manual,2025-11-16T22:46:15.706534
0x99b1098d9d50aa076f78bd26ab22e6abd3710729,coinmarketman_manual,2025-11-16T22:46:15.706534
0xfb8c34145bdea190693325d0ab01e81120909b3f,coinmarketman_manual,2025-11-16T22:46:15.706534
0xd9a1ed9aac149bf9bd655f9b9ddecf9bd04316b3,coinmarketman_manual,2025-11-16T22:46:15.706534
0x67fcc46ed2a63971697dad2fc7bb0091fe89e51d,coinmarketman_manual,2025-11-16T22:46:15.706534
0x71dfc07de32c2ebf1c4801f4b1c9e40b76d4a23d,coinmarketman_manual,2025-11-16T22:46:15.706534
0x0ddf9bae2af4b874b96d287a5ad42eb47138a902,coinmarketman_manual,2025-11-16T22:46:15.706534
0x015354106478dda69c4aae3c0cf801290b738052,coinmarketman_manual,2025-11-16T22:46:15.706534
0xef5fdcefdb38803a654ee9f3539bed8058443d99,coinmarketman_manual,2025-11-16T22:46:15.706534
0xf28e1b06e00e8774c612e31ab3ac35d5a720085f,coinmarketman_manual,2025-11-16T22:46:15.706534
0x469e9a7f624b04c24f0e64edf8d8a277e6bf58a5,coinmarketman_manual,2025-11-16T22:46:15.706534
0xd6e1a6f7bb47aca69aaa511210227d40926ff256,coinmarketman_manual,2025-11-16T22:46:15.706534
0x27c9fa86c91b84ddfa15de58c482ff662498d65d,coinmarketman_manual,2025-11-16T22:46:15.706534
0xa4dedda59f2908b92ae192cfd494839373bcb3c4,coinmarketman_manual,2025-11-16T22:46:15.706534
0xd6ef5649200101eb44ce8949f4cfb167b0c5a07a,coinmarketman_manual,2025-11-16T22:46:15.706534
0xaea8e3bd369217cc6e3e6abddf0da318fba8e59b,coinmarketman_manual,2025-11-16T22:46:15.706534
0xc7b72bb1acdce3eb45f9b38f43cd31e4927c725b,coinmarketman_manual,2025-11-16T22:46:15.706534
0xdf6a4dba3ef113f030f95511e70721548dc7f3e2,coinmarketman_manual,2025-11-16T22:46:15.706534
0x1abd35a5183aca3291f05353a6af3b4409603a8f,coinmarketman_manual,2025-11-16T22:46:15.706534
0x6af6660ed5ecbfa39db3d6bf23e17bd426a183ce,coinmarketman_manual,2025-11-16T22:46:15.706534
0xe24c322324e02cdd9989d3092be456e92cde53f2,coinmarketman_manual,2025-11-16T22:46:15.706534
0xe24166173f1e956845a0660c8b26db334dced71a,coinmarketman_manual,2025-11-16T22:46:15.706534
0xb7e09a94603f4fd3b67537b4c43584fe1498ae05,coinmarketman_manual,2025-11-16T22:46:15.706534
0xe7e4ca8b310c0d0ea900e15e4f43ffd9d25e3c77,coinmarketman_manual,2025-11-16T22:46:15.706534
0x67cd5c1c4548c7ec1a20fadefca19ad42e6230da,coinmarketman_manual,2025-11-16T22:46:15.706534
0xcd1c932a413868c3c84e73e195bf34c1ba4ffec5,coinmarketman_manual,2025-11-16T22:46:15.706534
0x42885bfee595c7bf079609433fa3f2bc24e72096,coinmarketman_manual,2025-11-16T22:46:15.706534
0xccb56f9cba0138bb9cb8f6a6ad290a6ea9879b46,coinmarketman_manual,2025-11-16T22:46:15.706534
0xf53cab0c6f25f48f985d1e2c40e03fc7c1963364,coinmarketman_manual,2025-11-16T22:46:15.706534
0x36ac01de9bc76c0d744b38c3e13a0538d55c7568,coinmarketman_manual,2025-11-16T22:46:15.706534
0x10da391e349b02b380359cb402dc908dfe660221,coinmarketman_manual,2025-11-16T22:46:15.706534
0xc8d4073a8bc55dd6871c9e4de45764429dc39a43,coinmarketman_manual,2025-11-16T22:46:15.706534
0x95995f302ad58138d791ce49f9f3b1274e80c60a,coinmarketman_manual,2025-11-16T22:46:15.706534
0x9391199d0dd197bd019d40ef624d26aca59440f3,coinmarketman_manual,2025-11-16T22:46:15.706534
0xbf4ef7c97309cd4b7ef113358dbaabb3f36a13f5,coinmarketman_manual,2025-11-16T22:46:15.706534
0x8b501a6090fd3c6b905b1a0099e2e216a5a2d40d,coinmarketman_manual,2025-11-16T22:46:15.706534
0xd7b8209d95d4c05faaa505671211058d51529f55,coinmarketman_manual,2025-11-16T22:46:15.706534
0x3895d155b005191686476a39580d43258a518e46,coinmarketman_manual,2025-11-16T22:46:15.706534
0x413c2724b62975c18b1415650f998a8f0a67886c,coinmarketman_manual,2025-11-16T22:46:15.706534
0xcf0a7df50ab429182fdfa93292d150c35d7808c9,coinmarketman_manual,2025-11-16T22:46:15.706534
0xda0950da3882ef1ae1e41e99ebe31e6b3324c17f,coinmarketman_manual,2025-11-16T22:46:15.706534
0xd7846935d7e5a49e20b9887e6465cb765f4c2937,coinmarketman_manual,2025-11-16T22:46:15.706534
0x279dbeaae93533a5c4607712b027b04aff62d625,coinmarketman_manual,2025-11-16T22:46:15.706534
0xbc6d435e62e54273bf756fe6262dd66dbd6b0c02,coinmarketman_manual,2025-11-16T22:46:15.706534
0x54f9524155c82f1f3f2c5e086ba513df442a18ef,coinmarketman_manual,2025-11-16T22:46:15.706534
0x2df22837da3f4fb34efb8c385af2d20501682431,coinmarketman_manual,2025-11-16T22:46:15.706534
0xdf52df044f1b150dfa79590909cdac6ad83d59fc,coinmarketman_manual,2025-11-16T22:46:15.706534
0x8b67b0a78e557201fa0f9db2bc9dba5d55aaf692,coinmarketman_manual,2025-11-16T22:46:15.706534
0x9690bcfc1639abff887c8fb62b48ab787b2dba3f,coinmarketman_manual,2025-11-16T22:46:15.706534
0x28473085ba4aa761eb541914f50a75dd685cd47b,coinmarketman_manual,2025-11-16T22:46:15.706534
0x72988778525f0ce15c5ac1804ac460606a987d6c,coinmarketman_manual,2025-11-16T22:46:15.706534
0x12733a96b4f830c9b7b57566da2e3750d20d23ee,coinmarketman_manual,2025-11-16T22:46:15.706534
0x6beffb9bec3364ae579fa7cb864effefa7bf2695,coinmarketman_manual,2025-11-16T22:46:15.706534
0xc0b2a1ce425d0cd8bc321c445fa6ae0eaed2e688,coinmarketman_manual,2025-11-16T22:46:15.706534
0xead5b7d86c681c036c59cd00a0390541061c69f2,coinmarketman_manual,2025-11-16T22:46:15.706534
0xe71e9636e31b838af0a3c38b3f3449cdc2b7aa87,coinmarketman_manual,2025-11-16T22:46:15.706534
0xb552648f037b4c60ba9c237bb503735aed0db94e,coinmarketman_manual,2025-11-16T22:46:15.706534
0x4aab8988462923ca3cbaa7e94df0cc523817cd64,coinmarketman_manual,2025-11-16T22:46:15.706534
0x218a65e21eddeece7a9df38c6bbdd89f692b7da2,coinmarketman_manual,2025-11-16T22:46:15.706534
0xe0665019fcf5ffa4a5aea5cf65f84016fcbe78da,coinmarketman_manual,2025-11-16T22:46:15.706534
0x3fc56e944aa7b1594c85861b2d46a07f82a2c0c1,coinmarketman_manual,2025-11-16T22:46:15.706534
0x2025137a136bea7446deba681cbfc7cf1970840e,coinmarketman_manual,2025-11-16T22:46:15.706534
0x0748e296e5a350ec36c8487a1cea406e1b57d4b2,coinmarketman_manual,2025-11-16T22:46:15.706534
0x203f4c410f3c35cead9f35b6de2f66e773d7f26e,coinmarketman_manual,2025-11-16T22:46:15.706534
0xbe19541903f64af97bcf8436f4d15bf3a56b8bd1,coinmarketman_manual,2025-11-16T22:46:15.706534
0x621c5551678189b9a6c94d929924c225ff1d63ab,coinmarketman_manual,2025-11-16T22:46:15.706534
0x477296b8f5f5525be26e5c0a82eb0dd24da3949f,coinmarketman_manual,2025-11-16T22:46:15.706534
0x2d99fe0f36c1aebd28a1a2c0e82e8ca13c2ea351,coinmarketman_manual,2025-11-16T22:46:15.706534
0xf83ff544ed6f00fe7a74782aee3fd9ea54d96728,coinmarketman_manual,2025-11-16T22:46:15.706534
0xc926ddba8b7617dbc65712f20cf8e1b58b8598d3,coinmarketman_manual,2025-11-16T22:46:15.706534
0x152e41f0b83e6cad4b5dc730c1d6279b7d67c9dc,coinmarketman_manual,2025-11-16T22:46:15.706534
0xe2f86feccb1207710a442bc4e27a0701a290275a,coinmarketman_manual,2025-11-16T22:46:15.706534
0x987163b6b482c30c2f5f3aa2760109668eb0091d,coinmarketman_manual,2025-11-16T22:46:15.706534
0x369daedbefcb30b82154338c8fd613a70c60d251,coinmarketman_manual,2025-11-16T22:46:15.706534
0xd487e26c62ed8c28ce3cc70b5791e501c2934982,coinmarketman_manual,2025-11-16T22:46:15.706534
0x258a4b8a8447c61aabf1bef9bb14ee4d69efff03,coinmarketman_manual,2025-11-16T22:46:15.706534
0x7dacca323e44f168494c779bb5e7483c468ef410,coinmarketman_manual,2025-11-16T22:46:15.706534
0x8a265d24c0c4e611119ba4c8fcab93fd987d343a,coinmarketman_manual,2025-11-16T22:46:15.706534
0x56c58ed0c0b9b164653d7aa44fd40632393f8e38,coinmarketman_manual,2025-11-16T22:46:15.706534
0xfce053a5e461683454bf37ad66d20344c0e3f4c0,coinmarketman_manual,2025-11-16T22:46:15.706534
0xa461db6d21568e97e040c4ab57ff38708a4f0f67,coinmarketman_manual,2025-11-16T22:46:15.706534
0xb0fbfefc6c325964d0ffc3f909bdda80b8421326,coinmarketman_manual,2025-11-16T22:46:15.706534
0x795cfd1b03eafc11c4ec958b8a94cfc9aa64a242,coinmarketman_manual,2025-11-16T22:46:15.706534
0x47f5a6397b79deaaca5c456503e7c1a49357b942,coinmarketman_manual,2025-11-16T22:46:15.706534
0xac7bbfed474127e8683320421264d403fd2155f9,coinmarketman_manual,2025-11-16T22:46:15.706534
0x30bdf164cdb6f4bc373a232942896d5bb49fb5a4,coinmarketman_manual,2025-11-16T22:46:15.706534
HIP-2,coinmarketman_manual,2025-11-16T22:46:15.706534
0x1e771e1b95c86491299d6e2a5c3b3842d03b552e,coinmarketman_manual,2025-11-16T22:46:15.706534
0x34365f472a3af2ff8167970a519931437e2c2094,coinmarketman_manual,2025-11-16T22:46:15.706534
0x549e6dd8453ed87fccdcf4f8b37162b10edc0533,coinmarketman_manual,2025-11-16T22:46:15.706534
0xbb97757984fa4408c13bd3b4a9189f520bf317d3,coinmarketman_manual,2025-11-16T22:46:15.706534
0xf62edeee17968d4c55d1c74936d2110333342f30,coinmarketman_manual,2025-11-16T22:46:15.706534
0x34fb5ec7d4e939161946340ea2a1f29254b893de,coinmarketman_manual,2025-11-16T22:46:15.706534
0xd0254dd9c10498b256b6ec3bd8de37a9ba4329de,coinmarketman_manual,2025-11-16T22:46:15.706534
0xfeec88b13fc0be31695069f02bac18538a154e9c,coinmarketman_manual,2025-11-16T22:46:15.706534
0x1f793d9f0368c1da329cb112212d81d521e7a9b8,coinmarketman_manual,2025-11-16T22:46:15.706534
0x4a96036fb1529561fa3eeeb2781fad2d4f25500e,coinmarketman_manual,2025-11-16T22:46:15.706534
0x9b83f16d0a6456f90a8a330f04c0ca1b2f0425b0,coinmarketman_manual,2025-11-16T22:46:15.706534
0x6bea81d7a0c5939a5ce5552e125ab57216cc597f,coinmarketman_manual,2025-11-16T22:46:15.706534
0xdbd1bac81ad581c7198c9d155ca468f32a0c29dd,coinmarketman_manual,2025-11-16T22:46:15.706534
0xaded86bf6e6fd72f78dca132af112fa36230809e,coinmarketman_manual,2025-11-16T22:46:15.706534
0x404ca2035b37bf2e83505134ebcf8d03babb5f03,coinmarketman_manual,2025-11-16T22:46:15.706534
0x5bc43f38c2ddcd85857f218674cd384f172c3b0c,coinmarketman_manual,2025-11-16T22:46:15.706534
0x79cc76364b5fb263a25bd52930e3d9788fcfeea8,coinmarketman_manual,2025-11-16T22:46:15.706534
0x56cd86d6ef24a3f51ce6992b7f1db751b0a0276a,coinmarketman_manual,2025-11-16T22:46:15.706534
0x08c14b32c8a48894e4b933090ebcc9ce33b21135,coinmarketman_manual,2025-11-16T22:46:15.706534
0xaf0fdd39e5d92499b0ed9f68693da99c0ec1e92e,coinmarketman_manual,2025-11-16T22:46:15.706534
0x570b09e27a87f9acbce49f85056745d29b3ee3c6,coinmarketman_manual,2025-11-16T22:46:15.706534
0xaecfe4eff84a1cd9a24accc1914ac537af7f6e1b,coinmarketman_manual,2025-11-16T22:46:15.706534
0x6f142cc70bd7829d9b41350b5dd13ba20388a473,coinmarketman_manual,2025-11-16T22:46:15.706534
0x8cfe4bc352deb10ed41c5f0f89bc57674cee1e22,coinmarketman_manual,2025-11-16T22:46:15.706534
0x6b78be2ba4d55d5ee434c7d47fb3bbaffafc5e9c,coinmarketman_manual,2025-11-16T22:46:15.706534
0x6df99d59cdada18ade521e05edd5e6a2ec91b734,coinmarketman_manual,2025-11-16T22:46:15.706534
0x7cc0b0049faddc405da8494ac67737975c757480,coinmarketman_manual,2025-11-16T22:46:15.706534
0x05b5a0ae689c17cad8155932782a5c29426abe75,coinmarketman_manual,2025-11-16T22:46:15.706534
0x29824b424ec65bbdbe2b550c5b734204ee295308,coinmarketman_manual,2025-11-16T22:46:15.706534
0x5647249079e257329ecb6f46ed41821d3c69e7de,coinmarketman_manual,2025-11-16T22:46:15.706534
0x5c9c9ab381c841530464ef9ee402568f84c3b676,coinmarketman_manual,2025-11-16T22:46:15.706534
0xcac1f1c3e4599e044dc2a9d38a9b6ef1af1bdae8,coinmarketman_manual,2025-11-16T22:46:15.706534
0xddce6ae3db95eb2a0259aeeab3f6932902354830,coinmarketman_manual,2025-11-16T22:46:15.706534
0x8bae3527e5a33fa0cf184f37bc112d071463ab6d,coinmarketman_manual,2025-11-16T22:46:15.706534
0x7625dc67deab1864570ad816f59a9b867f280e49,coinmarketman_manual,2025-11-16T22:46:15.706534
0xd7a678fcf72c1b602850ef2f3e2d668ec41fa0ed,coinmarketman_manual,2025-11-16T22:46:15.706534
0x6ef9aa1ccef50f19a6c82d927401d98030973abf,coinmarketman_manual,2025-11-16T22:46:15.706534
0x519c721de735f7c9e6146d167852e60d60496a47,coinmarketman_manual,2025-11-16T22:46:15.706534
0x05904930cae1e9a48c055f4a8a83480ba7fc6abf,coinmarketman_manual,2025-11-16T22:46:15.706534
0x833b99b27dac651d02080f5e220e929df891db06,coinmarketman_manual,2025-11-16T22:46:15.706534
0x8bf3ac5c417624b3bde7901de3c4ad7659599060,coinmarketman_manual,2025-11-16T22:46:15.706534
0xde0695cdc60ac0dedb8739951eff70006cafab15,coinmarketman_manual,2025-11-16T22:46:15.706534
0x514ad80730593801036e2934bcda9b4e90221b4d,coinmarketman_manual,2025-11-16T22:46:15.706534
0x53babe76166eae33c861aeddf9ce89af20311cd0,coinmarketman_manual,2025-11-16T22:46:15.706534
0x0a06ec6754b628be489b2c40bba20c8580392a7b,coinmarketman_manual,2025-11-16T22:46:15.706534
0x1c2c96e78a42958892e637bdc0d94ce259f109fe,coinmarketman_manual,2025-11-16T22:46:15.706534
0xf58b673c1633ccef0ac58263cdc95ed80f817fc7,coinmarketman_manual,2025-11-16T22:46:15.706534
0x8eadef1db48d9a682da64d74a69c5ac78d0ee175,coinmarketman_manual,2025-11-16T22:46:15.706534
0xdd0c5de50d72e5eaa96816e920e41ce89c4b8888,coinmarketman_manual,2025-11-16T22:46:15.706534
0xb632c6580173a16154f17cdafc6eb27e95cf73b7,coinmarketman_manual,2025-11-16T22:46:15.706534
0x1a5612386dce50174bd467498afa607df418d7c6,coinmarketman_manual,2025-11-16T22:46:15.706534
0xbaaaf6571ab7d571043ff1e313a9609a10637864,coinmarketman_manual,2025-11-16T22:46:15.706534
0x7f55a0b28ba031dc08c1fdf7336a74e399b840d1,coinmarketman_manual,2025-11-16T22:46:15.706534
0xbbc0a674eeee74717d7a3deed9d43d55087bc032,coinmarketman_manual,2025-11-16T22:46:15.706534
0xff4cd3826ecee12acd4329aada4a2d3419fc463c,coinmarketman_manual,2025-11-16T22:46:15.706534
0xe02e420ec55b4e03924d77c7b342c012541ba2d3,coinmarketman_manual,2025-11-16T22:46:15.706534
0xf220c9b7b4c0e5e785ebe4b40b17576ce24473e0,coinmarketman_manual,2025-11-16T22:46:15.706534
0xe867fbdad3291530e41530301ecb77693850c78e,coinmarketman_manual,2025-11-16T22:46:15.706534
0x3ca146d2692f61746a28fa926dc9d18086ce37c6,coinmarketman_manual,2025-11-16T22:46:15.706534
0xa581bb0ac1a7ec393e76ccd45de2bfff6146e213,coinmarketman_manual,2025-11-16T22:46:15.706534
0x72cb918356c4f6d3f1b2e532928110ba6995f139,coinmarketman_manual,2025-11-16T22:46:15.706534
0x50664ede715e131f584d3e7eaabd7818bb20a068,coinmarketman_manual,2025-11-16T22:46:15.706534
0xa31441e058492bc7cfffda9aa7623c407ae83a81,coinmarketman_manual,2025-11-16T22:46:15.706534
0xd02928c445d780ea954fe0b6f0be0f6cb9727678,coinmarketman_manual,2025-11-16T22:46:15.706534
0x28233e5edddfc9f71f0cecf58ca98f6a2ca11f43,coinmarketman_manual,2025-11-16T22:46:15.706534
0x09bc1cf4d9f0b59e1425a8fde4d4b1f7d3c9410d,coinmarketman_manual,2025-11-16T22:46:15.706534
0x7a7da855c61ba2326decf722691c6e2d14a50344,coinmarketman_manual,2025-11-16T22:46:15.706534
0x4eebd8d39e82efb958e0fa9f694435c910c8518f,coinmarketman_manual,2025-11-16T22:46:15.706534
0xc1471df385b1b039aae2000678e0b8bd905b3aef,coinmarketman_manual,2025-11-16T22:46:15.706534
0xec326a384ae965647d87e1f85db46d2efa15ae82,coinmarketman_manual,2025-11-16T22:46:15.706534
0xfd97600ac44b3c4e20ac1a5f23e3b18d10fa5912,coinmarketman_manual,2025-11-16T22:46:15.706534
0xa99767ff6874018935af8924eeb3de3c7b578edc,coinmarketman_manual,2025-11-16T22:46:15.706534
0xc7f94fb3b3ba614b9b2bf80697ab5a31917005a2,coinmarketman_manual,2025-11-16T22:46:15.706534
0x2fcb6898d5a0623de19c3691904927685014c4d8,coinmarketman_manual,2025-11-16T22:46:15.706534
0x543356c584e7931233afe07ecd982cda5f0f3f3b,coinmarketman_manual,2025-11-16T22:46:15.706534
0x261142dd1d82cf24228bd35b1fc65bd805af842d,coinmarketman_manual,2025-11-16T22:46:15.706534
0x4b1c09fa8322548360a76a3747e32a60a864bc38,coinmarketman_manual,2025-11-16T22:46:15.706534
0xa6cb81271418b9f41295fff54be05f6250c7cbf6,coinmarketman_manual,2025-11-16T22:46:15.706534
0xae7a0f9f663bb54bfe95378c7e3de7dd6e28d6bc,coinmarketman_manual,2025-11-16T22:46:15.706534
0x05a196a9477e70c184ed212d6cf02073f535c3bb,coinmarketman_manual,2025-11-16T22:46:15.706534
0x493e3b994aabdd5be4fbd19b4fab7b4a0fedc90b,coinmarketman_manual,2025-11-16T22:46:15.706534
0xd63c228ea09e4d999f5fb3ed7d3529756e3a724f,coinmarketman_manual,2025-11-16T22:46:15.706534
0xe7e25d4f0f0076b08459e343529c446fef04f958,coinmarketman_manual,2025-11-16T22:46:15.706534
0x14b25601e369b40f5bcd1de0f9a53174e3c59d34,coinmarketman_manual,2025-11-16T22:46:15.706534
0x422f1f07f40f11bac71db4f520dd0ea1ff20f2c4,coinmarketman_manual,2025-11-16T22:46:15.706534
üê∂ sqalef,coinmarketman_manual,2025-11-16T22:46:15.706534
0x8554501f855388039f2bc86110462adfbbde46dc,coinmarketman_manual,2025-11-16T22:46:15.706534
0xd96ea3bcce83d4e1ef8abd1776eecd0cea1bb09e,coinmarketman_manual,2025-11-16T22:46:15.706534
0x5e13d5cedbddd7237f659947ce64bec1294e2607,coinmarketman_manual,2025-11-16T22:46:15.706534
0x32a501193fe8789b2093e03e698e5ca979c9cd92,coinmarketman_manual,2025-11-16T22:46:15.706534
0xccf135ab352d561a15eb7be2a243cc4fcb7f0ab1,coinmarketman_manual,2025-11-16T22:46:15.706534
0x1e5c9ef6a07f8ee36e21c0c2737c9b19f5de7f2a,coinmarketman_manual,2025-11-16T22:46:15.706534
0x399d7adeecc4f5e83891d3ca03d588155765459d,coinmarketman_manual,2025-11-16T22:46:15.706534
0x99ab3fdbeecbfc8a36101f9f80c763c8434ecea8,coinmarketman_manual,2025-11-16T22:46:15.706534
0x185611e0343c14f53a4406891cb0fdc9e81808ae,coinmarketman_manual,2025-11-16T22:46:15.706534
0x7ca165f354e3260e2f8d5a7508cc9dd2fa009235,coinmarketman_manual,2025-11-16T22:46:15.706534
0x7583b5364597736a6a72c4ba61ede0a4a37ef4de,coinmarketman_manual,2025-11-16T22:46:15.706534
0x43b29051e7b4ce9fcbc893aa6bd07c32df7399f9,coinmarketman_manual,2025-11-16T22:46:15.706534
0x4a19c9768629266caad38bd6857c6a4161532c19,coinmarketman_manual,2025-11-16T22:46:15.706534
0xac7476e14f768e3e67c195e79c2490dd20c70127,coinmarketman_manual,2025-11-16T22:46:15.706534
0x6f7d75c18e8ca7f486eb4d2690abf7b329087062,coinmarketman_manual,2025-11-16T22:46:15.706534
0x3e5dacb70247b57aca1d62b927c398ff05b7e570,coinmarketman_manual,2025-11-16T22:46:15.706534
0x63d417a577b50c96f4f09148d4e4d70950db0522,coinmarketman_manual,2025-11-16T22:46:15.706534
0xc6d7fdfbcb55d6cad6570c5838de394d2aa24015,coinmarketman_manual,2025-11-16T22:46:15.706534
0x011af0d7a38f1b1b43cffd7a51e1aa38d1c61ece,coinmarketman_manual,2025-11-16T22:46:15.706534
0xd260b2216b735277da6771564a01c04856e78321,coinmarketman_manual,2025-11-16T22:46:15.706534
0x2cd991f48ba31536a96b772536a1daaaedf150ae,coinmarketman_manual,2025-11-16T22:46:15.706534
0x24fb6523036ebcb3cc51deff138066dccf6bed0f,coinmarketman_manual,2025-11-16T22:46:15.706534
0xbe494a5e3a719a78a45a47ab453b7b0199b9d101,coinmarketman_manual,2025-11-16T22:46:15.706534
0xa0ca3dcba02de989e35eb3810ad762a222315075,coinmarketman_manual,2025-11-16T22:46:15.706534
0x3e02519a47cef3d4464944c4815fad9e5837e767,coinmarketman_manual,2025-11-16T22:46:15.706534
0x32051a0c36af1449e0eee08146a808115ccc40bb,coinmarketman_manual,2025-11-16T22:46:15.706534
0x13b2e9091268f291f165196d4832ba1c5ac02938,coinmarketman_manual,2025-11-16T22:46:15.706534
0xaf9f722a676230cc44045efe26fe9a85801ca4fa,coinmarketman_manual,2025-11-16T22:46:15.706534
0x9d732bed515e8f66ad2b60cda96a4ef3c31e729f,coinmarketman_manual,2025-11-16T22:46:15.706534
0xfdba13d24cb423a393603d72ca80f31b251a3727,coinmarketman_manual,2025-11-16T22:46:15.706534
0xadd12adbbd5db87674b38af99b6dd34dd2a45e0d,coinmarketman_manual,2025-11-16T22:46:15.706534
0xe2823659be02e0f48a4660e4da008b5e1abfdf29,coinmarketman_manual,2025-11-16T22:46:15.706534
0x8da6beaa2f002a511809101b24d181a324ae82d6,coinmarketman_manual,2025-11-16T22:46:15.706534
0x6f90d048a511626ba5a6425db17f377826df336a,coinmarketman_manual,2025-11-16T22:46:15.706534
0x5b9306593ae710a66832c4101e019e3e96f65d0a,coinmarketman_manual,2025-11-16T22:46:15.706534
0x92b585bdf2d67c0fe321108b863ca4617dd39fe9,coinmarketman_manual,2025-11-16T22:46:15.706534
0xfc8c156428a8e48cb8d0356db16e59bec4c0ecea,coinmarketman_manual,2025-11-16T22:46:15.706534
0x5846ac5619d2a762751b1663d86a402085505765,coinmarketman_manual,2025-11-16T22:46:15.706534
0xfc667adba8d4837586078f4fdcdc29804337ca06,coinmarketman_manual,2025-11-16T22:46:15.706534
0xad747d2d91d8fd336bda8805961089cec51f3550,coinmarketman_manual,2025-11-16T22:46:15.706534
0x21b5eb0ca859383f7d8b6906cddb115e92e80913,coinmarketman_manual,2025-11-16T22:46:15.706534
0x16bf84af3f85f8c8a97597bf2be549dfe0dee637,coinmarketman_manual,2025-11-16T22:46:15.706534
0x49ba9baa20d355ba042af2be9772d2b2cd892f44,coinmarketman_manual,2025-11-16T22:46:15.706534
0x69906b0ed626ca01a4b7c001e5711e5714ccf207,coinmarketman_manual,2025-11-16T22:46:15.706534
0xe98bc6b99a2eb1a108623af5843b922389e78cd5,coinmarketman_manual,2025-11-16T22:46:15.706534
0x6417da1d2452a4b4a81aa151b7235ffec865082f,coinmarketman_manual,2025-11-16T22:46:15.706534
0xac487c027ffe32021bbba77e30786f8c8f353201,coinmarketman_manual,2025-11-16T22:46:15.706534
0xd28e005c992b168d0b20fca312958e105bb260ab,coinmarketman_manual,2025-11-16T22:46:15.706534
0x349bd094209d50280dfaca12779576c748395c15,coinmarketman_manual,2025-11-16T22:46:15.706534
0x407afe1e87bf741293d47e562b107a633e678562,coinmarketman_manual,2025-11-16T22:46:15.706534
0x6355f7cf36b24044cd5b089a845113327d0ee58e,coinmarketman_manual,2025-11-16T22:46:15.706534
0x89abe626dc7f010138bc08e0100f1e4e13c30d32,coinmarketman_manual,2025-11-16T22:46:15.706534
0x8bcf7a888c66f635ac4a2caf42a8dd12a3b20b14,coinmarketman_manual,2025-11-16T22:46:15.706534
0x47a0d24b34889277010026892b7612143d16bf13,coinmarketman_manual,2025-11-16T22:46:15.706534
0x4cc390eada38741fe9c77036b7c38537fb5f38ea,coinmarketman_manual,2025-11-16T22:46:15.706534
0xcc0ec788a4a1312582b24ac899c522fc3794ee8d,coinmarketman_manual,2025-11-16T22:46:15.706534
0xe25875524b59adf5984f29e5723bf8489a689790,coinmarketman_manual,2025-11-16T22:46:15.706534
0xac50a255e330c388f44b9d01259d6b153a9f0ed9,coinmarketman_manual,2025-11-16T22:46:15.706534
0x95f45c5e6bd5a932c9193d55fed1fd0428ff127f,coinmarketman_manual,2025-11-16T22:46:15.706534
0x8701675db59609f63625f7eadb0f212ee3651656,coinmarketman_manual,2025-11-16T22:46:15.706534
0xa906355beaf1d69a5fe73ce55899c49c6e67916c,coinmarketman_manual,2025-11-16T22:46:15.706534
0x972b0f9cde1266e860e546ac92e783741769400f,coinmarketman_manual,2025-11-16T22:46:15.706534
0xd2b2a8ab7a8c903501f4db4ee45c67522a4511ed,coinmarketman_manual,2025-11-16T22:46:15.706534
0x37cdea0c9af695a5629a75e28a20724a98147918,coinmarketman_manual,2025-11-16T22:46:15.706534
0x625e239e46d3ad052e23f396de3a569f6fd504e7,coinmarketman_manual,2025-11-16T22:46:15.706534
0x0fd468a73084daa6ea77a9261e40fdec3e67e0c7,coinmarketman_manual,2025-11-16T22:46:15.706534
0xb3157e8725169aaa81540b678a7a5dfc2eb546fa,coinmarketman_manual,2025-11-16T22:46:15.706534
0xbd49d787655919f7ccf051d372a15e4363dd3d01,coinmarketman_manual,2025-11-16T22:46:15.706534
0x872ea3fe1a064a4f739fa897ec3f81404b352092,coinmarketman_manual,2025-11-16T22:46:15.706534
0x24d02e64d4a2580d570666546ac937adab2b3e08,coinmarketman_manual,2025-11-16T22:46:15.706534
0x96eaaf0375a6c5ecfc4980503bc8ce6c0192616d,coinmarketman_manual,2025-11-16T22:46:15.706534
0x97f20f91c18093c7f738a00ffabc03eea04ec668,coinmarketman_manual,2025-11-16T22:46:15.706534
0x9e5c7a2fed36727acf6306e3e5ae12bce86856c7,coinmarketman_manual,2025-11-16T22:46:15.706534
0x348e5365acfa48a26ada7da840ca611e29c950ef,coinmarketman_manual,2025-11-16T22:46:15.706534
0x3fe1303b746bb9c88b30f364a6394261b4692943,coinmarketman_manual,2025-11-16T22:46:15.706534
0xadef6b10893e9cf9a94cf054cf77ad1a8e46499c,coinmarketman_manual,2025-11-16T22:46:15.706534
0x7ee6b077b59f4417bc36d41bb65365644315db10,coinmarketman_manual,2025-11-16T22:46:15.706534
0xc49ec554731a81f4bf4f3504cfb1dd3c484ccf74,coinmarketman_manual,2025-11-16T22:46:15.706534
0x039405fa4636364e6023df1e06b085a462b9cdc9,coinmarketman_manual,2025-11-16T22:46:15.706534
0xf40f4129b137f30ab83dfe7f46a468fc6830865f,coinmarketman_manual,2025-11-16T22:46:15.706534
0x0b83bc39c98335a4ac56999c4ee89053cdb0508a,coinmarketman_manual,2025-11-16T22:46:15.706534
0xa53a13a80d72a855481de5211e7654fabdfe3526,coinmarketman_manual,2025-11-16T22:46:15.706534
0xaf37a82f0cf079a3d50674b87e889d2b270f4a44,coinmarketman_manual,2025-11-16T22:46:15.706534
0x888e000c78b8f1aada5b3c99f880794907b76d77,coinmarketman_manual,2025-11-16T22:46:15.706534
0x4ff9b58ed112bf3df108d1d62bd95e7352ef38d3,coinmarketman_manual,2025-11-16T22:46:15.706534
0xdca131ba8f428bd2f90ae962e4cb2d226312505e,coinmarketman_manual,2025-11-16T22:46:15.706534
0x0daf132c5554fd7d5eb422585426af557d8847e0,coinmarketman_manual,2025-11-16T22:46:15.706534
0x4d26bc95c771d1d0a5c5e76297c8f53ffe5f6c19,coinmarketman_manual,2025-11-16T22:46:15.706534
0x1a25a5b70dc3ce8398c04091b0a6c61c984b80f5,coinmarketman_manual,2025-11-16T22:46:15.706534
0x649156ebf0a350deb18a1e4835873defd4dc5349,coinmarketman_manual,2025-11-16T22:46:15.706534
0x99bfe8e92dcd439ec785c8d809ee2b4c929734c3,coinmarketman_manual,2025-11-16T22:46:15.706534
0x317fc9cc1c09024f56fcad506affb2a176cab186,coinmarketman_manual,2025-11-16T22:46:15.706534
0xeafbe89e3bc638a540c166c45d2b12850fc6c402,coinmarketman_manual,2025-11-16T22:46:15.706534
0x091144e651b334341eabdbbbfed644ad0100023e,coinmarketman_manual,2025-11-16T22:46:15.706534
0x3bcae23e8c380dab4732e9a159c0456f12d866f3,coinmarketman_manual,2025-11-16T22:46:15.706534
0xe113311f35a53b196c0ab3ed31ad0bf937cc5c07,coinmarketman_manual,2025-11-16T22:46:15.706534
0x0cacfc8c96b84bc5698fcdcb5ffd536b4a246170,coinmarketman_manual,2025-11-16T22:46:15.706534
0xc3b1951ceffdcaf25640cb37ce1d6cf125579a03,coinmarketman_manual,2025-11-16T22:46:15.706534
0xc26cbb6483229e0d0f9a1cab675271eda535b8f4,coinmarketman_manual,2025-11-16T22:46:15.706534
0x325edd95bb016c36027ce3b9f7595af7094a9564,coinmarketman_manual,2025-11-16T22:46:15.706534
0xf9d4f4892f9c9a4ddf939166c592efb9be365e91,coinmarketman_manual,2025-11-16T22:46:15.706534
0x335f45392f8d87745aaae68f5c192849afd9b60e,coinmarketman_manual,2025-11-16T22:46:15.706534
0xb798aef79972ce8f73d47b9ebbcda6bbb7ec4fbf,coinmarketman_manual,2025-11-16T22:46:15.706534
0xcd278177b13eb5c269fed43960c4171b66df5b9c,coinmarketman_manual,2025-11-16T22:46:15.706534
0x298629982613bf36c48d0b31afd2fe7d1b4604dc,coinmarketman_manual,2025-11-16T22:46:15.706534
0xd8495b95a3a6a85f4e3baa003e8b7ed1ed85562d,coinmarketman_manual,2025-11-16T22:46:15.706534
0x2204e04834e84ff4bfc53fc769e3ae1dcef47e85,coinmarketman_manual,2025-11-16T22:46:15.706534
0x72db642e6c803993aef6fc17e9b159c536508bb6,coinmarketman_manual,2025-11-16T22:46:15.706534
0x0becb107c5defbb260cf044e400d4af503eedd34,coinmarketman_manual,2025-11-16T22:46:15.706534
0xc7290b4b308431a985fa9e3e8a335c2f7650517c,coinmarketman_manual,2025-11-16T22:46:15.706534
0x7044be555aea5bddb3b9808658500d4e0d0a6b6e,coinmarketman_manual,2025-11-16T22:46:15.706534
0x9c2a2a966ed8e47f0c8b7e2ec2b91424f229f6a8,coinmarketman_manual,2025-11-16T22:46:15.706534
0xe82bc65677e46b6626a8e779ac263221db039c2d,coinmarketman_manual,2025-11-16T22:46:15.706534
0x11eee2e0a613af4f636e23ff295e2dac6a191d1d,coinmarketman_manual,2025-11-16T22:46:15.706534
0x7202dba36e7e72a95925153d18bbede43216dc0b,coinmarketman_manual,2025-11-16T22:46:15.706534
0x058985a1ae732643468d03e468c8b13d985631bc,coinmarketman_manual,2025-11-16T22:46:15.706534
0xebcfa0e05df4c406f4a166b1318581134a8537c0,coinmarketman_manual,2025-11-16T22:46:15.706534
0x089fe537f4b2af55fa990bc64ff4125800bba4f8,coinmarketman_manual,2025-11-16T22:46:15.706534
0xbb475febf78b528f4f0d4ae1a12541406565199c,coinmarketman_manual,2025-11-16T22:46:15.706534
0xa9c3d444f0a94ae2ae24363d4bd38c3e7ee282ea,coinmarketman_manual,2025-11-16T22:46:15.706534
0xad572a7894c7b0ba4db67c2a7602dd3376d4f094,coinmarketman_manual,2025-11-16T22:46:15.706534
0x064e89061ce80cb1b41a2d2963d48d2e8cabde4a,coinmarketman_manual,2025-11-16T22:46:15.706534
0xe31deacee1770dfa56f8849724bcb7f8e5f76ef2,coinmarketman_manual,2025-11-16T22:46:15.706534
0x44c9c226cdfae773002b3f86d3966af3cd8f277c,coinmarketman_manual,2025-11-16T22:46:15.706534
0x3a44740a8c668afc6947a5c437ea073eb10b9b57,coinmarketman_manual,2025-11-16T22:46:15.706534
0xd94606128b20680539a719b07bca6cbc30786a28,coinmarketman_manual,2025-11-16T22:46:15.706534
0x9c16bc8f1104e4d2f72267eb981fa12de7cc4a6f,coinmarketman_manual,2025-11-16T22:46:15.706534
0x3c363e96d22c056d748f199fb728fc80d70e461a,coinmarketman_manual,2025-11-16T22:46:15.706534
0x39bac00809cae627f52e4a82f95f4f67d5b269bd,coinmarketman_manual,2025-11-16T22:46:15.706534
0x72ffacea0906eb393b2e680ab5e25efbd8d1a9c4,coinmarketman_manual,2025-11-16T22:46:15.706534
0x668cec05549105e5b05bcc779a43186735d7ea2e,coinmarketman_manual,2025-11-16T22:46:15.706534
0x126220f27cddaba57d903c51a94caf002b2ed355,coinmarketman_manual,2025-11-16T22:46:15.706534
0x8923cdff38a43d1fd59d323c35b900047e431bac,coinmarketman_manual,2025-11-16T22:46:15.706534
0x7eb9026d0183942458bd4660371c3cc0a2df3beb,coinmarketman_manual,2025-11-16T22:46:15.706534
0xf6fb1452dffd2535ad6b506bb9d763864e048fb0,coinmarketman_manual,2025-11-16T22:46:15.706534
0x1f67d79afc8d0e7609ddba6c9b657cc635f69981,coinmarketman_manual,2025-11-16T22:46:15.706534
0xf97ad6704baec104d00b88e0c157e2b7b3a1ddd1,coinmarketman_manual,2025-11-16T22:46:15.706534
0xf27ebb91ea420f73b59b205ac7e0b77a90ec8f3c,coinmarketman_manual,2025-11-16T22:46:15.706534
0x6f1d35664eab0efa5a796091c28d14f1472d3162,coinmarketman_manual,2025-11-16T22:46:15.706534
0x782e432267376f377585fc78092d998f8442ab83,coinmarketman_manual,2025-11-16T22:46:15.706534
0x413c7a0a3489563350219bc96965a7da02f0fffc,coinmarketman_manual,2025-11-16T22:46:15.706534
0x47a761bb9e970ac93cb571c4614c4ca643714e4f,coinmarketman_manual,2025-11-16T22:46:15.706534
0x8feb3a7d8bf1e424679fc75753b363eba5ee8185,coinmarketman_manual,2025-11-16T22:46:15.706534
0xd6608f4027ee90db6dc45d0b4b8e2fb0a49c1f61,coinmarketman_manual,2025-11-16T22:46:15.706534
0xfab134fc24fe340e9e997e89147bdc0d944958f8,coinmarketman_manual,2025-11-16T22:46:15.706534
0x38cfd6c3c1921d77fa760743fc341144a3141ccf,coinmarketman_manual,2025-11-16T22:46:15.706534
0x57baee0482d81f19eff86257425033af3f875b86,coinmarketman_manual,2025-11-16T22:46:15.706534
0x1da7920ca7f9ee28d481bc439dccfed09f52a237,coinmarketman_manual,2025-11-16T22:46:15.706534
0x93f60f919f6d0a9f732c4ab56c20cd57c2cb5e75,coinmarketman_manual,2025-11-16T22:46:15.706534
0x3e8734ec146c981e3ed1f6b582d447dde701d90c,coinmarketman_manual,2025-11-16T22:46:15.706534
0x02e4cc8575e3b493f04e924e2c775009b22f5955,coinmarketman_manual,2025-11-16T22:46:15.706534
0x25554a80781ee62414c3747e81c3f50157c634b1,coinmarketman_manual,2025-11-16T22:46:15.706534
0xc4241dc9bfeb5126c0766df35a87ed3fbd630c78,coinmarketman_manual,2025-11-16T22:46:15.706534
0xb1694de2324433778487999bd86b1acb3335ebc4,coinmarketman_manual,2025-11-16T22:46:15.706534
0xfba31dfa3c6612abca9a27f65af77d9fed7e2db7,coinmarketman_manual,2025-11-16T22:46:15.706534
0x825714bae8bd60162bb14a04bb2183d00b3d00c9,coinmarketman_manual,2025-11-16T22:46:15.706534
0x913df0b299f74ced052c5332a19a1fe72a343ad6,coinmarketman_manual,2025-11-16T22:46:15.706534
0x5559da6ec434c5723d0ce9c4da7f29e3f8a3d43b,coinmarketman_manual,2025-11-16T22:46:15.706534
0xb5c379b0d7b49485dde122d322a889d6d1f8edf5,coinmarketman_manual,2025-11-16T22:46:15.706534
0x2b02efbf4fa4585ae3cc9d81913770e9b12484db,coinmarketman_manual,2025-11-16T22:46:15.706534
0x0b1ace05eb9ef1c3a1951b763700ecad24f27741,coinmarketman_manual,2025-11-16T22:46:15.706534
0x0ed94196b7cf3a2108699497e22b087675aeaea9,coinmarketman_manual,2025-11-16T22:46:15.706534
0xb81f8503d71141b03a35b505cfe2f217b04f0699,coinmarketman_manual,2025-11-16T22:46:15.706534
0x7dd6af227362f4115e060f39c00791ffcf4230d8,coinmarketman_manual,2025-11-16T22:46:15.706534
0x3a122449de235a40481689442271c0731b805d69,coinmarketman_manual,2025-11-16T22:46:15.706534
0x2ca4927174ba283d8a57f60ef3589844035a2930,coinmarketman_manual,2025-11-16T22:46:15.706534
0x4f235c15474f984504b0f188755021ae45c2fa65,coinmarketman_manual,2025-11-16T22:46:15.706534
0xd86953bce0f52225bd7bff14852056c4aec2e4e9,coinmarketman_manual,2025-11-16T22:46:15.706534
0x248ee78390f5505d34f36ce2df87d79fbcdb6be2,coinmarketman_manual,2025-11-16T22:46:15.706534
0x103ff34b773e02c12d74e34701028a1b70738f1f,coinmarketman_manual,2025-11-16T22:46:15.706534
0x08b5cf766ffbc31c129d2733b3f831054cec310c,coinmarketman_manual,2025-11-16T22:46:15.706534
0x5f94a51948d2376ad34a6fadfa2544e651b74b96,coinmarketman_manual,2025-11-16T22:46:15.706534
0x179c17d04be626561b0355a248d6055a80456aa5,coinmarketman_manual,2025-11-16T22:46:15.706534
0x0cb1bc9c2a357ffc3627fa8e1cd7cf6ff74f6edb,coinmarketman_manual,2025-11-16T22:46:15.706534
0xadc9cf23f55c6221a05a8150e5768d7c3289562f,coinmarketman_manual,2025-11-16T22:46:15.706534
0xbc433ba7c34752448c5361e5ed3038628a1753b0,coinmarketman_manual,2025-11-16T22:46:15.706534
0x39475d17bcd20adc540e647dae6781b153fbf3b1,coinmarketman_manual,2025-11-16T22:46:15.706534
0x96c5ecf6996df7f1851b72a86e2852e77bee4c72,coinmarketman_manual,2025-11-16T22:46:15.706534
0x1e3001537d0c6799e59245597c541127bac57120,coinmarketman_manual,2025-11-16T22:46:15.706534
0xf33b8b3c2559930ed028ef2591d85be57620d163,coinmarketman_manual,2025-11-16T22:46:15.706534
0x36fbd89b5aa130b53708a98e729ad726daaf1f86,coinmarketman_manual,2025-11-16T22:46:15.706534
0xf770f371cc66499a89ae56aa84f9506e083f99ea,coinmarketman_manual,2025-11-16T22:46:15.706534
0xb4b59938625073dc64e054d9f5c5364cd62a89ea,coinmarketman_manual,2025-11-16T22:46:15.706534
0x2c4ebdcd592a74b4022ad9d1fb00ab6976abe483,coinmarketman_manual,2025-11-16T22:46:15.706534
0x059f4592427f94ace29ad4103d0ac0b8c62236fa,coinmarketman_manual,2025-11-16T22:46:15.706534
0x8d0a7b41ece5ac812e417270f83a299c3efb6486,coinmarketman_manual,2025-11-16T22:46:15.706534
0x003a85c562730b196f7cba202a2515f2ff855736,coinmarketman_manual,2025-11-16T22:46:15.706534
0x862c6f0373ac129fc66a324b234943139ca10c92,coinmarketman_manual,2025-11-16T22:46:15.706534
0x3e516cf3c9d4f29fae6c1324c2414dc872fc9c09,coinmarketman_manual,2025-11-16T22:46:15.706534
0x6a572bb9d31ff710f882f33c21d8ba11a169a887,coinmarketman_manual,2025-11-16T22:46:15.706534
0x2312171890250347dbf1b082bdf7950504909e92,coinmarketman_manual,2025-11-16T22:46:15.706534
0xb4321b142b2a03ce20fcab2007ff6990b9acba93,coinmarketman_manual,2025-11-16T22:46:15.706534
0x4e106d5e97b59c6b0cd84bb9c65ea67570502176,coinmarketman_manual,2025-11-16T22:46:15.706534
0xa351db10472a07059ea099e0581444e568bff894,coinmarketman_manual,2025-11-16T22:46:15.706534
0x288ed4efc8fbd1e42a06fe083ea942d20c90b336,coinmarketman_manual,2025-11-16T22:46:15.706534
0xc7abcfeaf42bd7afae393863f5e7fc470a662bf8,coinmarketman_manual,2025-11-16T22:46:15.706534
0xb1e0912b4a1872afe530a7f0be6bb6fb253d1018,coinmarketman_manual,2025-11-16T22:46:15.706534
0x2b8e8acc1dd32cd642ebb91014320a6f6a0f9507,coinmarketman_manual,2025-11-16T22:46:15.706534
0xe5a1d72ecb46aaf48df76ded128b5aebd5b22156,coinmarketman_manual,2025-11-16T22:46:15.706534
0x6ad9a8b10f8e8e3883acabbbf3d808b156e33ec7,coinmarketman_manual,2025-11-16T22:46:15.706534
0xa7938a22fee8e98e19e930df45cb588a178efb9c,coinmarketman_manual,2025-11-16T22:46:15.706534
0x001a1a5eb6800e78197b92a527b3ba8b8d5bfef6,coinmarketman_manual,2025-11-16T22:46:15.706534
0x885989fd94d30c150e6eaf897090509bce4f6aa8,coinmarketman_manual,2025-11-16T22:46:15.706534
0xdb611d682cb1ad72fcbacd944a8a6e2606a6d158,coinmarketman_manual,2025-11-16T22:46:15.706534
0xa567501abf12f401c9e613b6323c43cf29b0f92c,coinmarketman_manual,2025-11-16T22:46:15.706534
0xd51b48fa7b9c4e408aa42eb7ad0b87ce73110d9e,coinmarketman_manual,2025-11-16T22:46:15.706534
0xcafcbbf25e5d67c7700d8c49b0431a64fd7e89a8,coinmarketman_manual,2025-11-16T22:46:15.706534
0x520863bab865050e635207c4ed099eec568f3f47,coinmarketman_manual,2025-11-16T22:46:15.706534
0x853c6d722c0bcf77a7aa9f08d96b06f13dd89949,coinmarketman_manual,2025-11-16T22:46:15.706534
0x9e5bb5fcbbb88cdf81b19e55e7e07d716945743e,coinmarketman_manual,2025-11-16T22:46:15.706534
0x001ac3f0972b620cd6be82ba54d111614d7d48fb,coinmarketman_manual,2025-11-16T22:46:15.706534
0x565a65432ca44a999eb7217815d58594a559ccb2,coinmarketman_manual,2025-11-16T22:46:15.706534
0x3f319b0b6bf5bbaaaae45b8f9090745a84f88769,coinmarketman_manual,2025-11-16T22:46:15.706534
0x349f8e8d1495341f520406997ebae476fcfebd06,coinmarketman_manual,2025-11-16T22:46:15.706534
0xb5101614ad71468a041a83e64d8b834aa17a1ed6,coinmarketman_manual,2025-11-16T22:46:15.706534
0xd82f7d84a524b8e82de0cb3df1f04e338604fd8e,coinmarketman_manual,2025-11-16T22:46:15.706534
0x60dd456273cbb018c2222621d4c2dc5016e870d3,coinmarketman_manual,2025-11-16T22:46:15.706534
0xb245ed242d9f9a86e75cdb30892d9d922cd568ba,coinmarketman_manual,2025-11-16T22:46:15.706534
0x975f178fd8a566d98bc935340064c691fa4d8881,coinmarketman_manual,2025-11-16T22:46:15.706534
0x106943709714fb0e5e62b82f5013ebc762591ae1,coinmarketman_manual,2025-11-16T22:46:15.706534
0x8888892c503f24822ed71eb2de512b9742ddcee8,coinmarketman_manual,2025-11-16T22:46:15.706534
0x71f060a388589f2917df5e6b79a1e43baad1b611,coinmarketman_manual,2025-11-16T22:46:15.706534
0xe7eb077d77f09b469b2ea8548aa860b137039977,coinmarketman_manual,2025-11-16T22:46:15.706534
0xb30cadab02bc62fc4df652ae0ffaffa9596a0e1b,coinmarketman_manual,2025-11-16T22:46:15.706534
0xd63fca366dbbdeeee76edb4e637c8f89c4605388,coinmarketman_manual,2025-11-16T22:46:15.706534
0xb1ad88e61c6cf27a4b07404c07ddfffa47ac7e32,coinmarketman_manual,2025-11-16T22:46:15.706534
0xfbc9638938262f15cc1b3a751a54d538559da361,coinmarketman_manual,2025-11-16T22:46:15.706534
0xe2d0be8f9214dddcfd316e09f333a0598e574d8b,coinmarketman_manual,2025-11-16T22:46:15.706534
0xe4d83945c0322f3d340203a7129b7eb5cacae847,coinmarketman_manual,2025-11-16T22:46:15.706534
0x470756b530bfa294b80dd4783a1fe13dcf3b3394,coinmarketman_manual,2025-11-16T22:46:15.706534
0x00e80cc289c9ed6630316cf36cce61e4a9802e13,coinmarketman_manual,2025-11-16T22:46:15.706534
0x1e5b1efd99c89d39b59b28a19e6b42bbeb98433b,coinmarketman_manual,2025-11-16T22:46:15.706534
0xf2e47284b93faf0dce68d18ccf1d9e4f59fbb9c2,coinmarketman_manual,2025-11-16T22:46:15.706534
0xcb2046851d0f44a48331ba9e35cb40c2f7bb7e1b,coinmarketman_manual,2025-11-16T22:46:15.706534
0x78a1b7fc599f4c9d7227be8f9719f6a648bc62fe,coinmarketman_manual,2025-11-16T22:46:15.706534
0xfa58f82875ee97464a8feef085e597b06590dd13,coinmarketman_manual,2025-11-16T22:46:15.706534
0xa930cdefd5c41bbb92081faa33afdd5b3ba0c999,coinmarketman_manual,2025-11-16T22:46:15.706534
0x3b00771e5462f736c22b0423c8eadf764bc1b5e9,coinmarketman_manual,2025-11-16T22:46:15.706534
0x872d3fb74cb230faf1746b4e66971551a010ba6d,coinmarketman_manual,2025-11-16T22:46:15.706534
0x8b287ad391afe8eb1f4e360252b47ffa441198f4,coinmarketman_manual,2025-11-16T22:46:15.706534
0x503c3dbb6f21f231a33da05822229026e8a88acd,coinmarketman_manual,2025-11-16T22:46:15.706534
0xe34d21d1980082c6dd1c2d7be6315187dfe4a718,coinmarketman_manual,2025-11-16T22:46:15.706534
0x4d470e0a241c3d7321b4b6c6f23f214db85bfa47,coinmarketman_manual,2025-11-16T22:46:15.706534
0x45d2489ae3b7536d0b933859337e8c16b8859b84,coinmarketman_manual,2025-11-16T22:46:15.706534
0x82c6503af0d94c782f69caf3fb64568608b8fe42,coinmarketman_manual,2025-11-16T22:46:15.706534
0x00071360d75385c4c25dd8f217465693ffe91a69,coinmarketman_manual,2025-11-16T22:46:15.706534
0x0d8d5b2d87d36b99d28c321ff7a4a6d206a9c2aa,coinmarketman_manual,2025-11-16T22:46:15.706534
0x9b864dde6ed1c21608b1665a0ac0faa4f7e36e6e,coinmarketman_manual,2025-11-16T22:46:15.706534
0xee126cd566febeebee9a715812df601e1e69512c,coinmarketman_manual,2025-11-16T22:46:15.706534
0x1044566e87c868cf9a642eb9809d70a0fc0af997,coinmarketman_manual,2025-11-16T22:46:15.706534
0x04cc5be7baef93144c6a1f06846d26f808b44ab5,coinmarketman_manual,2025-11-16T22:46:15.706534
0xfc84a4bba95d3a13f91a9c0d735c0af04a18f4d0,coinmarketman_manual,2025-11-16T22:46:15.706534
0x2c352e53a2b471b0d98f00d6117ee40e708c72b8,coinmarketman_manual,2025-11-16T22:46:15.706534
0x4edd48ecffa32d4fdbf0ca76433095d4dee6b7fc,coinmarketman_manual,2025-11-16T22:46:15.706534
0x4a5ae81bb737662ff67f7b31eb6fe62d15d91441,coinmarketman_manual,2025-11-16T22:46:15.706534
0x4cd80aa0ce4881eb8679eda1f6fbe3d89aec0f7f,coinmarketman_manual,2025-11-16T22:46:15.706534
0xf7013b5448964a7ab8ee2a1c47eae5fe96f59a4a,coinmarketman_manual,2025-11-16T22:46:15.706534
0x15f970a5fa4791dbe4fc3adea6d41e87e5fac6ff,coinmarketman_manual,2025-11-16T22:46:15.706534
0x45974824c1c4e4d797aa8d057a5499b46cdefe33,coinmarketman_manual,2025-11-16T22:46:15.706534
0x727956612a8700627451204a3ae26268bd1a1525,coinmarketman_manual,2025-11-16T22:46:15.706534
0x33c3b8bcd758f511b350374a63e1f880f40e0282,coinmarketman_manual,2025-11-16T22:46:15.706534
0x054a01da80ee37d5220af5471b1eedbdcd2cdb2f,coinmarketman_manual,2025-11-16T22:46:15.706534
0xae67e0441a483deed7792d4572558608e5a99a49,coinmarketman_manual,2025-11-16T22:46:15.706534
0xdcac85ecae7148886029c20e661d848a4de99ce2,coinmarketman_manual,2025-11-16T22:46:15.706534
0x09bf77ff40d9b8fb0fa2610b3da36705db58f05c,coinmarketman_manual,2025-11-16T22:46:15.706534
0xe06532a98a541b48f6330d2dd88e2b4b96010d6b,coinmarketman_manual,2025-11-16T22:46:15.706534
0x051315fb7c07702b5adfa0d897c080c11b8082dc,coinmarketman_manual,2025-11-16T22:46:15.706534
0xf7b5461d0007ce4b52eaea2f6d2a30cef0fbefff,coinmarketman_manual,2025-11-16T22:46:15.706534
0x9dea4d13ac1c469b7fe9049d43835df1be143ec0,coinmarketman_manual,2025-11-16T22:46:15.706534
0xc9ac2940e99c00d4c188c3b446b08c03502ee568,coinmarketman_manual,2025-11-16T22:46:15.706534
0xb39df6c5f0ef3a6e97f9ea5585f756f210fb0b99,coinmarketman_manual,2025-11-16T22:46:15.706534
0xa33a4a057334c7811ad5f45f3c4f0dfa3d081ff8,coinmarketman_manual,2025-11-16T22:46:15.706534
0x75ec3ba266176e733f1b1fdaa15052f5eff724b8,coinmarketman_manual,2025-11-16T22:46:15.706534
0x2ae504e4ba318c3b84a8bf2344d3d760dc56ac99,coinmarketman_manual,2025-11-16T22:46:15.706534
0xef2364db5db6f5539aa0bc111771a94ee47637fc,coinmarketman_manual,2025-11-16T22:46:15.706534
PURR Deployer 2,coinmarketman_manual,2025-11-16T22:46:15.706534
0x58e1b0e63c905d5982324fcd9108582623b8132e,coinmarketman_manual,2025-11-16T22:46:15.706534
0x263294039413b96d25e4173a5f7599f8b3801504,coinmarketman_manual,2025-11-16T22:46:15.706534
0x474e2cb1aac71f66d0aa7adb0cd92c919f842fe4,coinmarketman_manual,2025-11-16T22:46:15.706534
0x6979dde2781dc4ec843641b10b2a2f2e0f4bda62,coinmarketman_manual,2025-11-16T22:46:15.706534
0x59319c81c0cf3d02e3b68996c2dfe47308a006dc,coinmarketman_manual,2025-11-16T22:46:15.706534
0xde236b0b3b367d5ad2a2c42b914bded79d03fe28,coinmarketman_manual,2025-11-16T22:46:15.706534
0x857f876490b63bdc7605165e0df568ae54f72d8e,coinmarketman_manual,2025-11-16T22:46:15.706534
0x35811174314e93b13d9a7998316c70a0385c6c42,coinmarketman_manual,2025-11-16T22:46:15.706534
0xa4be91acc74feabab71b8878b66b8f5277212520,coinmarketman_manual,2025-11-16T22:46:15.706534
0x4af1ace0e1daa9bb69a208f311d73112d92c597f,coinmarketman_manual,2025-11-16T22:46:15.706534
0xd77a0944d0039e92f3309f9cf52b6926b7c14b6d,coinmarketman_manual,2025-11-16T22:46:15.706534
0xbb828515677729c4db2f790a52cf14b1c659e19f,coinmarketman_manual,2025-11-16T22:46:15.706534
0x5986347c1d0133d02d307f08bb1efd44c2eb89d9,coinmarketman_manual,2025-11-16T22:46:15.706534
0x654086857e1fad6dcf05cf6695cce51ea3984268,coinmarketman_manual,2025-11-16T22:46:15.706534
0x48cd535b80439fefd6d00f74e5cf9b152adf2671,coinmarketman_manual,2025-11-16T22:46:15.706534
0x95e2687b07f0dec34462fdab6bbebcc0b3ab49c6,coinmarketman_manual,2025-11-16T22:46:15.706534
0x208db9f389989c5c387cc3a2620cc5251eace716,coinmarketman_manual,2025-11-16T22:46:15.706534
0x7894bb4cd20e08c2ec1895968dd0b3d97edca5f7,coinmarketman_manual,2025-11-16T22:46:15.706534
0x53d25bd6716b505ace53b0db3d4590619d2142de,coinmarketman_manual,2025-11-16T22:46:15.706534
0x31b1ac74a39fa92604c3bccac20453f2e3eebfaa,coinmarketman_manual,2025-11-16T22:46:15.706534
